{
  "mpc": {
    "solve_count": 457,
    "timeout_count": 0,
    "timeout_rate": 0.0,
    "mean_ms": 2.2899530648663475,
    "p50_ms": 2.1109580993652344,
    "p95_ms": 4.126548767089844,
    "p99_ms": 7.549238204956055,
    "max_ms": 16.67499542236328
  },
  "physics": {
    "step_count": 457,
    "avg_ms": 0.10044137636758721,
    "max_ms": 0.34525000000051875
  },
  "control_loop": {
    "loop_count": 457,
    "timing_violations": 0,
    "violation_rate": 0.0,
    "avg_ms": 1768146246768.0173
  },
  "simulation": {
    "total_time_s": 24.177530124999997,
    "total_steps": 457,
    "fps": 18.901848023237655,
    "peak_memory_mb": null
  }
}