{
  "mpc": {
    "solve_count": 457,
    "timeout_count": 0,
    "timeout_rate": 0.0,
    "mean_ms": 2.3067665308779124,
    "p50_ms": 2.131938934326172,
    "p95_ms": 4.181861877441406,
    "p99_ms": 6.867933273315427,
    "max_ms": 17.154216766357422
  },
  "physics": {
    "step_count": 457,
    "avg_ms": 0.1039178096279508,
    "max_ms": 0.29658299999724136
  },
  "control_loop": {
    "loop_count": 457,
    "timing_violations": 0,
    "violation_rate": 0.0,
    "avg_ms": 1768109273886.6409
  },
  "simulation": {
    "total_time_s": 24.795084916999997,
    "total_steps": 457,
    "fps": 18.431072187483085,
    "peak_memory_mb": null
  }
}