{
  "mpc": {
    "solve_count": 2,
    "timeout_count": 0,
    "timeout_rate": 0.0,
    "mean_ms": 5.515575408935547,
    "p50_ms": 5.515575408935547,
    "p95_ms": 8.358287811279297,
    "p99_ms": 8.610973358154297,
    "max_ms": 8.674144744873047
  },
  "physics": {
    "step_count": 2,
    "avg_ms": 0.07895850000005922,
    "max_ms": 0.08904199999992812
  },
  "control_loop": {
    "loop_count": 2,
    "timing_violations": 0,
    "violation_rate": 0.0,
    "avg_ms": 1768249770184.3787
  },
  "simulation": {
    "total_time_s": 0.09749770899999999,
    "total_steps": 2,
    "fps": 20.51330252283159,
    "peak_memory_mb": null
  }
}