{
  "mpc": {
    "solve_count": 2402,
    "timeout_count": 0,
    "timeout_rate": 0.0,
    "mean_ms": 2.343789921712121,
    "p50_ms": 2.1419525146484375,
    "p95_ms": 3.275144100189209,
    "p99_ms": 5.427906513214108,
    "max_ms": 32.083988189697266
  },
  "physics": {
    "step_count": 2402,
    "avg_ms": 0.15280469067438304,
    "max_ms": 0.5103339999976697
  },
  "control_loop": {
    "loop_count": 2402,
    "timing_violations": 1,
    "violation_rate": 0.00041631973355537054,
    "avg_ms": 1768108363241.8467
  },
  "simulation": {
    "total_time_s": 131.532725834,
    "total_steps": 2402,
    "fps": 18.261615006986386,
    "peak_memory_mb": null
  }
}