{
  "mpc": {
    "solve_count": 11,
    "timeout_count": 0,
    "timeout_rate": 0.0,
    "mean_ms": 9.25579938021573,
    "p50_ms": 6.738185882568359,
    "p95_ms": 19.17445659637451,
    "p99_ms": 24.709105491638187,
    "max_ms": 26.0927677154541
  },
  "physics": {
    "step_count": 11,
    "avg_ms": 0.17122345454547516,
    "max_ms": 0.4217079999999651
  },
  "control_loop": {
    "loop_count": 11,
    "timing_violations": 11,
    "violation_rate": 1.0,
    "avg_ms": 1768249718647.7883
  },
  "simulation": {
    "total_time_s": 0.35231716700000026,
    "total_steps": 11,
    "fps": 31.221867766664893,
    "peak_memory_mb": null
  }
}