{
  "mpc": {
    "solve_count": 101,
    "timeout_count": 0,
    "timeout_rate": 0.0,
    "mean_ms": 5.276266891177338,
    "p50_ms": 4.394054412841797,
    "p95_ms": 10.750770568847656,
    "p99_ms": 14.947891235351562,
    "max_ms": 15.60211181640625
  },
  "physics": {
    "step_count": 101,
    "avg_ms": 0.22636672277236272,
    "max_ms": 0.8388339999996219
  },
  "control_loop": {
    "loop_count": 101,
    "timing_violations": 0,
    "violation_rate": 0.0,
    "avg_ms": 1768108663059.6846
  },
  "simulation": {
    "total_time_s": 13.177886916999999,
    "total_steps": 101,
    "fps": 7.664354735788936,
    "peak_memory_mb": null
  }
}