{
  "mpc": {
    "solve_count": 11,
    "timeout_count": 0,
    "timeout_rate": 0.0,
    "mean_ms": 9.41785899075595,
    "p50_ms": 7.055044174194336,
    "p95_ms": 19.253015518188477,
    "p99_ms": 24.338579177856452,
    "max_ms": 25.609970092773438
  },
  "physics": {
    "step_count": 11,
    "avg_ms": 0.17468554545460338,
    "max_ms": 0.3014589999998929
  },
  "control_loop": {
    "loop_count": 11,
    "timing_violations": 11,
    "violation_rate": 1.0,
    "avg_ms": 1768249971135.7131
  },
  "simulation": {
    "total_time_s": 0.358493084,
    "total_steps": 11,
    "fps": 30.68399500839464,
    "peak_memory_mb": null
  }
}