{
  "mpc": {
    "solve_count": 101,
    "timeout_count": 0,
    "timeout_rate": 0.0,
    "mean_ms": 2.8746293322874767,
    "p50_ms": 2.427816390991211,
    "p95_ms": 3.5152435302734375,
    "p99_ms": 3.6199092864990234,
    "max_ms": 9.220123291015625
  },
  "physics": {
    "step_count": 101,
    "avg_ms": 0.07743196039603242,
    "max_ms": 0.1508330000001834
  },
  "control_loop": {
    "loop_count": 101,
    "timing_violations": 0,
    "violation_rate": 0.0,
    "avg_ms": 1768108926319.79
  },
  "simulation": {
    "total_time_s": 5.1981263339999995,
    "total_steps": 101,
    "fps": 19.430077976246434,
    "peak_memory_mb": null
  }
}