{
  "mpc": {
    "solve_count": 457,
    "timeout_count": 0,
    "timeout_rate": 0.0,
    "mean_ms": 2.2814873793453825,
    "p50_ms": 2.112150192260742,
    "p95_ms": 4.116725921630859,
    "p99_ms": 6.94578170776367,
    "max_ms": 17.5018310546875
  },
  "physics": {
    "step_count": 457,
    "avg_ms": 0.10098012691472487,
    "max_ms": 0.250540999999771
  },
  "control_loop": {
    "loop_count": 457,
    "timing_violations": 0,
    "violation_rate": 0.0,
    "avg_ms": 1768161451241.7007
  },
  "simulation": {
    "total_time_s": 23.984098875,
    "total_steps": 457,
    "fps": 19.05429102764237,
    "peak_memory_mb": null
  }
}