{
  "mpc": {
    "solve_count": 101,
    "timeout_count": 0,
    "timeout_rate": 0.0,
    "mean_ms": 4.121435750829111,
    "p50_ms": 2.4759769439697266,
    "p95_ms": 7.529020309448242,
    "p99_ms": 17.71688461303711,
    "max_ms": 17.976045608520508
  },
  "physics": {
    "step_count": 101,
    "avg_ms": 0.12208956435645885,
    "max_ms": 0.4060840000001953
  },
  "control_loop": {
    "loop_count": 101,
    "timing_violations": 0,
    "violation_rate": 0.0,
    "avg_ms": 1768108192821.0684
  },
  "simulation": {
    "total_time_s": 5.1430331670000005,
    "total_steps": 101,
    "fps": 19.638216733281276,
    "peak_memory_mb": null
  }
}