{
  "mpc": {
    "solve_count": 457,
    "timeout_count": 0,
    "timeout_rate": 0.0,
    "mean_ms": 2.2962244647337,
    "p50_ms": 2.13623046875,
    "p95_ms": 4.080486297607422,
    "p99_ms": 6.826925277709958,
    "max_ms": 16.045093536376953
  },
  "physics": {
    "step_count": 457,
    "avg_ms": 0.10138777461708086,
    "max_ms": 0.22283400000233655
  },
  "control_loop": {
    "loop_count": 457,
    "timing_violations": 0,
    "violation_rate": 0.0,
    "avg_ms": 1768250177156.0608
  },
  "simulation": {
    "total_time_s": 24.690408625,
    "total_steps": 457,
    "fps": 18.509211691914636,
    "peak_memory_mb": null
  }
}